[{"id":"U6jMsuMQRW","user":"62852489696826","limit":9928,"balance":697949,"premium":true,"premExpiry":3180081632000,"banned":false},{"id":"X5gAHSEcWi","user":"6285386742238","limit":7,"balance":2950,"premium":true,"premExpiry":1674566222000,"banned":true},{"id":"OfVhLcZbNI","user":"6281229571868","limit":6,"balance":82949,"premium":false,"premExpiry":0,"banned":true},{"id":"WNMhmK7rFU","user":"601131272441","limit":6,"balance":934999,"premium":true,"premExpiry":1674300039000,"banned":true},{"id":"0e4cyqbJan","user":"6289677916035","limit":3,"balance":3951,"premium":true,"premExpiry":1674298809000,"banned":false},{"id":"55izoNcqRi","user":"6282152866630","limit":10,"balance":30010,"premium":true,"premExpiry":0,"banned":false},{"id":"PwTqPLS6Fe","user":"6283108774663","limit":10,"balance":30010,"premium":false,"premExpiry":0,"banned":false},{"id":"yCfjLcXxBj","user":"6281227785686","limit":7,"balance":0,"premium":true,"premExpiry":3180041439000,"banned":false},{"id":"8mF0qMK5Qv","user":"15153959034","limit":8,"balance":30000,"premium":false,"premExpiry":0,"banned":false},{"id":"D7GgEzXHG5","user":"62895704391264","limit":10,"balance":30000,"premium":false,"premExpiry":0,"banned":false},{"id":"v5iSR8L27L","user":"6283186652545","limit":10,"balance":30010,"premium":false,"premExpiry":0,"banned":false},{"id":"qRGrcT4apP","user":"6285298631278","limit":9,"balance":30000,"premium":false,"premExpiry":0,"banned":false},{"id":"xyRLxCGMa7","user":"6289530585972","limit":7,"balance":30000,"premium":false,"premExpiry":0,"banned":false},{"id":"PgQjyZ3zR2","user":"6281953392873","limit":10,"balance":30000,"premium":false,"premExpiry":0,"banned":false},{"id":"7xzMU7RcGf","user":"6281233031447","limit":9,"balance":30012,"premium":false,"premExpiry":0,"banned":false},{"id":"a7ORjRW397","user":"6282321181941","limit":1,"balance":30000,"premium":false,"premExpiry":0,"banned":true},{"id":"iNxscB5BEj","user":"628568726242","limit":10,"balance":30002,"premium":false,"premExpiry":0,"banned":false},{"id":"tGDmOeBvs1","user":"62882003958778","limit":10,"balance":30000,"premium":false,"premExpiry":0,"banned":false},{"id":"jJZMZB7jwY","user":"62852489696821","limit":10,"balance":1127949,"premium":false,"premExpiry":0,"banned":false},{"id":"3uJGlJumHI","user":"6282322362026","limit":10,"balance":30010,"premium":false,"premExpiry":0,"banned":false},{"id":"x1uwRZaPie","user":"6282393249398","limit":7,"balance":30000,"premium":false,"premExpiry":0,"banned":false},{"id":"UBdQI1QUxF","user":"628978298005","limit":2,"balance":25000,"premium":false,"premExpiry":0,"banned":false},{"id":"3XsQ285sO4","user":"6289686642230","limit":10,"balance":0,"premium":false,"premExpiry":0,"banned":false},{"id":"zm500E8eBO","user":"6285893210311","limit":10,"balance":30000,"premium":false,"premExpiry":0,"banned":false},{"id":"bZQK40tZu6","user":"6281317746428","limit":10,"balance":30000,"premium":false,"premExpiry":0,"banned":false},{"id":"yAyyYNpYNr","user":"6282114495281","limit":8,"balance":30000,"premium":false,"premExpiry":0,"banned":false},{"id":"C0qR6VA2eG","user":"6289678964140","limit":10,"balance":30000,"premium":false,"premExpiry":0,"banned":false},{"id":"uYpJiCCKq3","user":"6282393189670","limit":9,"balance":30000,"premium":false,"premExpiry":0,"banned":false},{"id":"7k9LmhVdqD","user":"6285157868689","limit":7,"balance":30000,"premium":true,"premExpiry":3180089417000,"banned":false},{"id":"uziukWh3On","user":"6281372463893","limit":8,"balance":30000,"premium":false,"premExpiry":0,"banned":false},{"id":"3kvp1Ia8Ce","user":"6285923412795","limit":2,"balance":30000,"premium":false,"premExpiry":0,"banned":false},{"id":"ooyodpiJRg","user":"62895326661359","limit":8,"balance":30000,"premium":true,"premExpiry":1675218185000,"banned":false}]